{"type":"footer","name":"t:sections.footer-group.name","sections":{"footer":{"type":"footer","blocks":{"footer-1":{"type":"menu","settings":{"show_footer_title":true,"menu":"our-policys","container_width":30}},"4e942b48-8a32-4d0c-bb8a-599029d7c631":{"type":"custom","settings":{"show_footer_title":true,"title":"Customer Service","text":"<p><strong>Do you have a question or need advice?<\/strong><br\/><br\/>Feel free to contact us. We're here to help and support you.<br\/><br\/><strong>Email: info@lisapeterlondon.com<\/strong><a><br\/><br\/><\/a><strong>MON \/ FRI:<\/strong> 09:00 AM – 06:00 PM<br\/><br\/><strong>SAT \/ SUN:<\/strong> 10:00 AM – 05:00 PM<\/p>","container_width":30}},"16f46420-be73-4503-875a-4e9c1c8d139e":{"type":"custom","settings":{"show_footer_title":true,"title":"Lisa & Peter London","text":"<p>✔ We have been providing the best customer service for decades<br\/>✔ Over 15 years of experience in the fashion industry<br\/>✔ Free delivery with Royal Mail throughout The United Kingdom<\/p>","container_width":30}}},"block_order":["footer-1","4e942b48-8a32-4d0c-bb8a-599029d7c631","16f46420-be73-4503-875a-4e9c1c8d139e"],"settings":{"show_locale_selector":true,"show_currency_selector":false,"show_currency_flags":false,"show_payment_icons":true,"show_copyright":true,"copyright_text":""}},"footer-promotions":{"type":"footer-promotions","blocks":{"footer-promotions-0":{"type":"promotion","settings":{"enable_image":true,"image_mask":"none","title":"Site-wide promotion","text":"<p>Use this section to promote content throughout every page of your site. Add images for further impact.<\/p>","button_label":"Optional button","button_link":""}},"footer-promotions-1":{"type":"promotion","settings":{"enable_image":true,"image_mask":"none","title":"Site-wide promotion","text":"<p>Use this section to promote content throughout every page of your site. Add images for further impact.<\/p>","button_label":"Optional button","button_link":""}},"footer-promotions-2":{"type":"promotion","settings":{"enable_image":true,"image_mask":"none","title":"Site-wide promotion","text":"<p>Use this section to promote content throughout every page of your site. Add images for further impact.<\/p>","button_label":"Optional button","button_link":""}}},"block_order":["footer-promotions-0","footer-promotions-1","footer-promotions-2"],"disabled":true,"settings":{"hide_homepage":false,"image_size":"wide"}}},"order":["footer","footer-promotions"]}