{"type":"header","name":"t:sections.header-group.name","sections":{"announcement":{"type":"announcement","blocks":{"announcement-1":{"type":"announcement","settings":{"text":"PRE-AUTUMN SALE: UP TO 60% OFF","link_text":"","link":""}},"announcement_U3Tzjd":{"type":"announcement","settings":{"text":"30-DAY MONEY-BACK GUARANTEE","link_text":"","link":""}},"announcement_rJUdAk":{"type":"announcement","settings":{"text":"ONLY TODAY FREE SHIPPING ON ALL ORDERS","link_text":"","link":""}}},"block_order":["announcement-1","announcement_U3Tzjd","announcement_rJUdAk"],"disabled":true,"custom_css":[".announcement-bar {font-size: 12px !important; \/* Pas aan naar gewenste grootte *\/}"],"settings":{"announcement_compact":true}},"scrolling_announcement_bar_9pcDe6":{"type":"scrolling-announcement-bar","blocks":{"text_VGKLQR":{"type":"text","settings":{"text":"LIMITED STOCK, ONCE IT'S GONE, IT'S GONE"}},"text_Y9bkwP":{"type":"text","settings":{"text":"30-DAY RETURN GUARANTEE"}},"text_JxxYDD":{"type":"text","settings":{"text":"ALWAYS FREE PREMIUM SHIPPING"}},"text_qCeRRG":{"type":"text","settings":{"text":"ORDER BEFORE 11:00 PM, SHIPPED THE NEXT DAY"}},"text_KeRyka":{"type":"text","settings":{"text":"ANNIVERSARY SALE ENDS TONIGHT AT 11:59 PM"}}},"block_order":["text_VGKLQR","text_Y9bkwP","text_JxxYDD","text_qCeRRG","text_KeRyka"],"name":"Scrolling announcement bar","settings":{"insert_css_class_target":"","text_custom":true,"ss_font_family":"montserrat_n4","text_size":12,"link":"","animation_duration":160,"animation_direction":"left","pause_hover":false,"text_color":"#ffffff","bg":"#000000","hover_opacity":0,"padding_vertical":0.7,"padding_horizontal":0}},"header":{"type":"header","blocks":{"header-0":{"type":"logo","settings":{"logo":"shopify:\/\/shop_images\/Clean_Elegant_Typography_Brand_Logo.png","desktop_logo_width":190,"mobile_logo_width":160}}},"block_order":["header-0"],"settings":{"main_menu_link_list":"main-menu-1","hover_menu":true,"mega_menu_images":true,"main_menu_alignment":"center","header_style":"normal","sticky_index":false,"sticky_collection":false,"toolbar_menu":"","toolbar_social":true,"show_locale_selector":true,"show_currency_selector":false,"show_currency_flags":false}}},"order":["announcement","scrolling_announcement_bar_9pcDe6","header"]}