{"sections":{"collection-header":{"type":"collection-header","settings":{"enable":false,"collection_image_enable":true,"parallax":true,"parallax_direction":"top"}},"rich_text_nq8ETM":{"type":"rich-text","blocks":{"heading_AiJcPx":{"type":"heading","settings":{"title":"AUTUMN SALE – STYLE FOR THE SEASON"}},"text_NQGAxw":{"type":"text","settings":{"enlarge_text":false,"text":"<p>As the days grow cooler and the season changes, <strong>[SHOP NAME]<\/strong> is here to bring you timeless autumn fashion made for comfort, elegance, and effortless style. From cozy knits to versatile everyday pieces, our collection is designed to make this season your most stylish one yet. 🍂<\/p><p>To celebrate autumn, enjoy our special seasonal discounts:<\/p>"}},"text_ANmYeB":{"type":"text","settings":{"enlarge_text":false,"text":"<ul><li><strong>10% EXTRA ON 2 ITEMS<\/strong><\/li><li><strong>15% EXTRA ON 3 ITEMS<\/strong><\/li><li><strong>20% EXTRA ON 4 ITEMS<\/strong><\/li><li><strong>25% EXTRA ON 5+ ITEMS<\/strong><\/li><\/ul>"}},"text_kfQHiJ":{"type":"text","settings":{"enlarge_text":false,"text":"<p>Discounts apply automatically at checkout. Mix and match any items from our Anniversary Sale collections.<\/p>"}}},"block_order":["heading_AiJcPx","text_NQGAxw","text_ANmYeB","text_kfQHiJ"],"custom_css":[],"name":"t:sections.rich-text.presets.rich_text.name","settings":{"align_text":"center","narrow_column":true,"divider":false}},"main-collection":{"type":"main-collection","blocks":{"collection_description":{"type":"collection_description","settings":{}},"subcollections":{"type":"subcollections","settings":{"subcollections_per_row":5}},"product_grid":{"type":"product_grid","settings":{"enable_collection_count":true,"per_row":4,"rows_per_page":7,"mobile_flush_grid":true}}},"block_order":["collection_description","subcollections","product_grid"],"settings":{"enable_sidebar":false,"collapsed":true,"filter_style":"sidebar","enable_color_swatches":false,"enable_sort":true}},"advanced_content_wFKUGb":{"type":"advanced-content","blocks":{"image_YkgVKP":{"type":"image","settings":{"image":"shopify:\/\/shop_images\/a-warm-and-inviting-lifestyle-advertisem_vMGwgwFSTq6c1xV6ANJhRg_VLp9p9wgTbCS2Ztq5IdX1A_88f4c2c2-2891-4697-9367-1f96b644f307.png","link":"","width":"33%","alignment":"center"}},"liquid_DhcEHK":{"type":"liquid","settings":{"code":"<h2>AUTUMN SALE – UP TO 60% OFF\n<\/h2><p>Autumn has arrived at [SHOP NAME]! 🍂! <p>To celebrate the new season, we’re bringing you exclusive discounts of up to 60% off. Refresh your wardrobe with timeless pieces designed for comfort, elegance, and effortless everyday style.<p>\n\n<p>These seasonal deals are only here for a limited time — once they’re gone, they won’t be back.<p>\n\nShop now and step into autumn with style.<p>\n\n— [SHOP NAME]<\/p>","width":"50%","alignment":"center"}}},"block_order":["image_YkgVKP","liquid_DhcEHK"],"settings":{"full_width":false,"space_around":true,"lazyload_images":true}},"text_with_icons_4EAKzc":{"type":"text-with-icons","blocks":{"text_block_TmDHLD":{"type":"text_block","settings":{"icon":"calendar","title":"30-DAY MONEY BACK GURANTEE","text":"<p>We offer a 30-day return period. Feel free to return any item within 30 days if you are not completely satisfied.<\/p>"}},"text_block_NdCgmc":{"type":"text_block","settings":{"icon":"truck","title":"FREE DELIVERY","text":"<p>We offer free shipping incl. Track & Trace to the United Kingdom!<\/p>"}},"text_block_wqnjy6":{"type":"text_block","settings":{"icon":"shield","title":"SECURE PAYMENT","text":"<p>At <strong>[SHOP NAAM]<\/strong>, you can securely and conveniently pay for your order using credit card.<\/p>"}}},"block_order":["text_block_TmDHLD","text_block_NdCgmc","text_block_wqnjy6"],"settings":{"title":"","align_text":"center","desktop_columns_per_row":4,"icon_color":"#000000","button_label":"","button_link":"","divider":false}}},"order":["collection-header","rich_text_nq8ETM","main-collection","advanced_content_wFKUGb","text_with_icons_4EAKzc"]}