{"sections":{"slideshow":{"type":"slideshow","blocks":{"slideshow-0":{"type":"image","settings":{"top_subheading":"","title":"","title_size":80,"subheading":"10 year anniversary sale discount up to -70%","link":"shopify:\/\/collections","link_text":"Shop Now","link_2":"shopify:\/\/collections\/herr","link_text_2":"","color_accent":"#000000","text_align":"vertical-center horizontal-center","image":"shopify:\/\/shop_images\/ChatGPT_Image_24_sep_2025_16_00_19.png","image_mobile":"shopify:\/\/shop_images\/ChatGPT_Image_24_sep_2025_16_00_19.png","parallax_direction":"top","overlay_opacity":10}}},"block_order":["slideshow-0"],"settings":{"section_height":"450px","mobile_height":"auto","parallax":false,"style":"bars","autoplay":false,"autoplay_speed":7,"lazyload_images":true}},"rich-text":{"type":"rich-text","blocks":{"heading":{"type":"heading","settings":{"title":"Autumn Collection"}},"text":{"type":"text","settings":{"enlarge_text":false,"text":"<p>At <strong>Lisa & Peter London<\/strong>, we are already embracing the brand-new autumn collection. We make sure to always provide high-quality products and stylish choices, so you can step into the season looking your best in the latest trends.<\/p><p>Browse our products below and explore the full collections.<\/p>"}}},"block_order":["heading","text"],"settings":{"align_text":"center","narrow_column":true,"divider":false}},"featured-collection":{"type":"featured-collection","settings":{"title":"Very popular at the moment","home_featured_products":"blazers","per_row":4,"rows":1,"mobile_scrollable":true,"view_all":true,"divider":false}},"featured_collections_cfHkr4":{"type":"featured-collections","blocks":{"collection_3c6EHD":{"type":"collection","settings":{"collection":"dresses","title":"","focal_point":"center center"}},"collection_AeLxPN":{"type":"collection","settings":{"collection":"footwear","title":"","focal_point":"center center"}},"collection_XQTnUH":{"type":"collection","settings":{"collection":"jackets-coats","title":"","focal_point":"center center"}},"collection_ATJQQ3":{"type":"collection","settings":{"collection":"jumpers-hoodies","title":"","focal_point":"center center"}}},"block_order":["collection_3c6EHD","collection_AeLxPN","collection_XQTnUH","collection_ATJQQ3"],"name":"t:sections.featured-collections.presets.collection_list.name","settings":{"title":"MOST LOVED COLLECTIONS","divider":false,"per_row":4,"enable_gutter":true}},"580bc108-8f79-4c00-b080-103cccb091ef":{"type":"featured-collection","settings":{"title":"OUR FAVORITES","home_featured_products":"footwear","per_row":4,"rows":2,"mobile_scrollable":true,"view_all":true,"divider":false}},"text_and_image_nfpwGg":{"type":"text-and-image","name":"t:sections.text-and-image.presets.image_with_text.name","settings":{"image":"shopify:\/\/shop_images\/ChatGPT_Image_24_sep_2025_17_03_33.png","image_mask":"none","image2_mask":"none","subtitle":"","title":"Meet Pieter & Lisa","text":"<p>At <strong>Lisa & Peter London<\/strong>, everything starts with <strong>passion for fashion<\/strong>. From a young age, Pieter and Lisa shared a lifelong love for style and creativity. Both studied <strong>Fashion Design and Business<\/strong> before building their careers in the industry. After working for different companies, they came together as a couple and decided to create something of their own.<\/p><p>Now, more than <strong>10 years later<\/strong>, they run their store with countless happy clients and inspiring projects. Their mission has always been clear: to stay ahead of <strong>new trends<\/strong>, deliver <strong>high-quality pieces<\/strong>, and offer a truly <strong>personal approach<\/strong>. For Pieter and Lisa, it’s about more than fashion — it’s about making every customer feel seen, valued, and stylish in their own unique way.<\/p>","button_label":"","button_link":"","button_style":"primary","align_text":"left","image_width":"50","layout":"right","divider":false,"top_padding":true,"bottom_padding":true,"lazyload_images":true}},"testimonials_fMUe9F":{"type":"testimonials","blocks":{"testimonial_gjjViq":{"type":"testimonial","settings":{"icon":"5-stars","testimonial":"<p>“The order arrived beautifully packaged and in perfect condition. You can really feel the quality of the fabric.”<\/p>","image":"shopify:\/\/shop_images\/2.png","author":"Emma J.","author_info":"London – 12 hours ago"}},"testimonial_tJjern":{"type":"testimonial","settings":{"icon":"4-stars","testimonial":"<p>“Great service from Lisa & Peter London. The clothes fit perfectly and the personal touch really makes a difference.”<\/p>","image":"shopify:\/\/shop_images\/1.png","author":"Claire W.","author_info":"Manchester – 1 day ago"}},"testimonial_X3ga9m":{"type":"testimonial","settings":{"icon":"4-stars","testimonial":"<p>“I’m very impressed with the attention to detail. Everything came neatly wrapped, smelling fresh and ready to wear.”<\/p>","image":"shopify:\/\/shop_images\/3.png","author":"Sarah M.","author_info":"Birmingham – 2 days ago"}},"testimonial_WzAyUz":{"type":"testimonial","settings":{"icon":"5-stars","testimonial":"<p>“Fantastic experience! The items are high quality and you can tell the store genuinely cares about its customers.”<\/p>","image":"shopify:\/\/shop_images\/4.png","author":"Olivia R.","author_info":"Leeds – 3 days ago"}},"testimonial_W7FMQc":{"type":"testimonial","settings":{"icon":"5-stars","testimonial":"<p>“My package arrived safely and beautifully presented. Lisa & Peter London make online shopping feel truly personal.”<\/p>","image":"shopify:\/\/shop_images\/5.png","author":"Helen P.","author_info":"Liverpool – 5 days ago"}}},"block_order":["testimonial_gjjViq","testimonial_tJjern","testimonial_X3ga9m","testimonial_WzAyUz","testimonial_W7FMQc"],"settings":{"title":"What customers have to say about Lisa & Peter London","align_text":"center","round_images":true,"color_background":"#ffffff","color_text":"#1c1d1d"}}},"order":["slideshow","rich-text","featured-collection","featured_collections_cfHkr4","580bc108-8f79-4c00-b080-103cccb091ef","text_and_image_nfpwGg","testimonials_fMUe9F"]}