{"sections":{"timer_bar_7fPWPb":{"type":"timer-bar","blocks":{"countdown_jRdLQE":{"type":"countdown","disabled":true,"settings":{"timer_text_color":"#ffffff","timer_font_size":24}},"text_XH8rQG":{"type":"text","settings":{"message":"La vente anniversaire se termine à 23h59","text_color":"#b59600","font_size":16}}},"block_order":["countdown_jRdLQE","text_XH8rQG"],"disabled":true,"settings":{"bg_color":"#000000","bar_height":41}},"main":{"type":"main-product","blocks":{"selluxe_tp_stars_PKy6qi":{"type":"selluxe_tp_stars","settings":{"tp_star_color":"#00b77f","tp_rating":4.5,"tp_reviews":0,"review_text":"4.5 Out of 3.172+"}},"price":{"type":"price","settings":{}},"separator":{"type":"separator","settings":{}},"custom_XFhatC":{"type":"custom","settings":{"code":"<!-- Plaats deze linkjes eenmalig in de <head> van je theme -->\n<link rel=\"stylesheet\" href=\"https:\/\/fonts.googleapis.com\/css2?family=Material+Symbols+Outlined:opsz,wght,FILL,GRAD@20..48,100..700,0..1,-50..200&icon_names=undo\" \/>\n<link rel=\"stylesheet\" href=\"https:\/\/fonts.googleapis.com\/css2?family=Material+Symbols+Outlined:opsz,wght,FILL,GRAD@20..48,100..700,0..1,-50..200&icon_names=shoppingmode\" \/>\n\n<div class=\"cus-gua-div\" style=\"margin:20px 0; display:flex; flex-direction:column; gap:10px;\">\n\n  <!-- Free Shipping with Royal Mail -->\n  <div class=\"gua-inner\" style=\"display:flex; align-items:center; gap:8px;\">\n    <div class=\"gua-img-div\">\n      <img class=\"cus-gua-img\" src=\"https:\/\/img.icons8.com\/?size=256&id=fW4ZqxlH5gWy&format=png\" style=\"width:21px; height:21px;\">\n    <\/div>\n    <p class=\"cus-gua-p\" style=\"line-height:21px; color:#000000; margin:0; font-size:14px;\">\n      <b>Free Shipping<\/b> with Royal Mail\n    <\/p>\n  <\/div>\n\n   <!-- 30-Day Money Back -->\n  <div class=\"gua-inner\" style=\"display:flex; align-items:center; gap:8px;\">\n    <div class=\"gua-img-div\">\n      <img class=\"cus-gua-img\" src=\"https:\/\/static.thenounproject.com\/png\/2111673-200.png\" style=\"width:21px; height:21px;\">\n    <\/div>\n    <p class=\"cus-gua-p\" style=\"line-height:21px; color:#000000; margin:0; font-size:14px;\">\n      30-Day <b>Money-Back Guarantee<\/b>\n    <\/p>\n  <\/div>\n\n  <!-- Discounts -->\n  <div class=\"gua-inner\" style=\"display:flex; align-items:center; gap:8px;\">\n    <span class=\"material-symbols-outlined\" style=\"font-size:21px; line-height:21px;\">shoppingmode<\/span>\n    <p class=\"cus-gua-p\" style=\"line-height:21px; color:#000000; margin:0; font-size:14px;\">\n      10% off&nbsp;for 2 items, 15% off for 3+ items\n    <\/p>\n  <\/div>\n\n<\/div>"}},"custom_C8JCa3":{"type":"custom","settings":{"code":"<div class=\"product-block selluxe-sales-point selluxe_sales_point_kVd34U\"><style data-shopify=\"\">.selluxe_sales_point_kVd34U {\n      display: flex;\n      align-items: center;\n      gap: 10px;\n      width: 100%;\n      padding: 0px 0px;\n      background: ;\n      margin: 0px 0 25px;\n      border-radius: 0px;\n    }\n    .selluxe_sales_point_kVd34U .icon {\n      width: 24px;\n      height: 24px;\n      position: relative;\n      display: flex;\n      align-items: center;\n      justify-content: center;\n    }\n    .selluxe_sales_point_kVd34U .icon .dot-icon {\n      position: absolute;\n    }\n    .selluxe_sales_point_kVd34U .icon .dot-icon.dot-animated {\n      animation: pulse 2s infinite;\n    }\n    .selluxe_sales_point_kVd34U .text span {\n      font-size: 14px;\n      color: #000000;\n      line-height: 150%;\n    }\n    \n    @keyframes pulse {\n      from {\n        transform: scale(1);\n        opacity: 1;\n      } \n      to {\n        transform: scale(2.4);\n        opacity: 0;\n      }\n    }<\/style><div class=\"icon\"><style data-shopify=\"\">.selluxe_sales_point_kVd34U .icon {\n          color: #ea0404;\n        }<\/style><svg xmlns=\"http:\/\/www.w3.org\/2000\/svg\" width=\"10\" height=\"10\" viewBox=\"0 0 24 24\" fill=\"#ea0404\" stroke=\"currentColor\" stroke-width=\"2\" stroke-linecap=\"round\" stroke-linejoin=\"round\" class=\"dot-icon dot-animated\"><circle cx=\"12\" cy=\"12\" r=\"10\"><\/circle><\/svg>\n      <svg xmlns=\"http:\/\/www.w3.org\/2000\/svg\" width=\"10\" height=\"10\" viewBox=\"0 0 24 24\" fill=\"#ea0404\" stroke=\"currentColor\" stroke-width=\"2\" stroke-linecap=\"round\" stroke-linejoin=\"round\" class=\"dot-icon\"><circle cx=\"12\" cy=\"12\" r=\"10\"><\/circle><\/svg><\/div>\n  <div class=\"text\">\n    <span>Only a few left!<\/span>\n  <\/div>\n\n  <script>\n      const selluxe_sales_point_kVd34U_deliveryDays = 1; \n      const selluxe_sales_point_kVd34U_currentDate = new Date();\n      selluxe_sales_point_kVd34U_currentDate.setDate(selluxe_sales_point_kVd34U_currentDate.getDate() + selluxe_sales_point_kVd34U_deliveryDays);\n      \n      const selluxe_sales_point_kVd34U_day = selluxe_sales_point_kVd34U_currentDate.getDate();\n      let selluxe_sales_point_kVd34U_formatDay = '';\n      if(selluxe_sales_point_kVd34U_day > 10) {\n        const day = selluxe_sales_point_kVd34U_day % 10;\n        if(day === 1) {\n          selluxe_sales_point_kVd34U_formatDay = selluxe_sales_point_kVd34U_day + 'st';\n        }\n        if(day === 2) {\n          selluxe_sales_point_kVd34U_formatDay = selluxe_sales_point_kVd34U_day + 'nd';\n        }\n        if(day === 3) {\n          selluxe_sales_point_kVd34U_formatDay = selluxe_sales_point_kVd34U_day + 'rd';\n        }\n        if(day > 3) {\n          selluxe_sales_point_kVd34U_formatDay = selluxe_sales_point_kVd34U_day + 'th';\n        }\n        \n      } else {\n        if(selluxe_sales_point_kVd34U_day === 1) {\n          selluxe_sales_point_kVd34U_formatDay = selluxe_sales_point_kVd34U_day + 'st';\n        }\n        if(selluxe_sales_point_kVd34U_day === 2) {\n          selluxe_sales_point_kVd34U_formatDay = selluxe_sales_point_kVd34U_day + 'nd';\n        }\n        if(selluxe_sales_point_kVd34U_day === 3) {\n          selluxe_sales_point_kVd34U_formatDay = selluxe_sales_point_kVd34U_day + 'rd';\n        }\n        if(selluxe_sales_point_kVd34U_day > 3) {\n          selluxe_sales_point_kVd34U_formatDay = selluxe_sales_point_kVd34U_day + 'th';\n        }\n      }\n      \n      const selluxe_sales_point_kVd34U_year = selluxe_sales_point_kVd34U_currentDate.getFullYear();\n  \n      const selluxe_sales_point_kVd34U_monthOptions = { month: 'long' };\n      const selluxe_sales_point_kVd34U_monthName = selluxe_sales_point_kVd34U_currentDate.toLocaleString('en-US', selluxe_sales_point_kVd34U_monthOptions);\n  \n      const selluxe_sales_point_kVd34U_dayIndex = selluxe_sales_point_kVd34U_currentDate.getDay();\n      const selluxe_sales_point_kVd34U_weekdays = ['Sunday', 'Monday', 'Tuesday', 'Wednesday', 'Thursday', 'Friday', 'Saturday'];\n      const selluxe_sales_point_kVd34U_weekdayName = selluxe_sales_point_kVd34U_weekdays[selluxe_sales_point_kVd34U_dayIndex];\n\n      const selluxe_sales_point_kVd34U_text = document.querySelector('.selluxe_sales_point_kVd34U .text span');\n      let selluxe_sales_point_kVd34U_newText = selluxe_sales_point_kVd34U_text.innerHTML\n\n      selluxe_sales_point_kVd34U_newText = selluxe_sales_point_kVd34U_newText.replace('[weekday]', selluxe_sales_point_kVd34U_weekdayName);\n      selluxe_sales_point_kVd34U_newText = selluxe_sales_point_kVd34U_newText.replace('[day]', selluxe_sales_point_kVd34U_formatDay);\n      selluxe_sales_point_kVd34U_newText = selluxe_sales_point_kVd34U_newText.replace('[year]', selluxe_sales_point_kVd34U_year);\n      selluxe_sales_point_kVd34U_newText = selluxe_sales_point_kVd34U_newText.replace('[month]', selluxe_sales_point_kVd34U_monthName);\n\n      selluxe_sales_point_kVd34U_text.innerHTML = selluxe_sales_point_kVd34U_newText;\n    <\/script>\n<\/div>"}},"a87f6976-fdca-403c-9377-eb85cc84bccd":{"type":"variant_picker","settings":{"variant_labels":true,"picker_type":"button","product_dynamic_variants_enable":true,"color_swatches":true}},"buy_buttons":{"type":"buy_buttons","settings":{"show_dynamic_checkout":false,"surface_pickup_enable":true,"show_gift_card_recipient":false}},"custom_GLi9Ha":{"type":"custom","disabled":true,"settings":{"code":"<div id='ss-social-proof'><\/div>"}},"ea05bd8c-ce3b-4efc-9331-8543471e68d9":{"type":"custom","settings":{"code":"<div class=\"product-block\">\n  <div class=\"stock-update\">\n    <p style=\"background-color: #f9ece9; padding: 15px; border-radius: 5px; color: #b04135; font-size: 13px;\">\n      <strong>SALE UPDATE:<\/strong> Due to high demand during our anniversary sale, only a limited number of items are left!\n    <\/p>\n  <\/div>\n<\/div>"}},"description":{"type":"description","settings":{"is_tab":false}},"6fbafccd-e300-4684-a364-9c3fb056e3f9":{"type":"tab","settings":{"title":"30-day return guarantee","content":"<p>If our product does not meet your expectations, you can return it within <strong>30 days upon receipt<\/strong>.<\/p><p>Before returning the goods, please contact our customer service at <strong>info@lisapeterlondon.com<\/strong> and let us know the reason for the return so we can process your request correctly.<\/p>","page":""}},"tab":{"type":"tab","settings":{"title":"Free SHIPPING","content":"<p>We are offering free shipping within the United Kingdom <strong>for all orders<\/strong>.<\/p><p><strong>We ship our packages with a Track & Trace code<\/strong> so you can always monitor your order.<\/p><p>You will receive the Track & Trace code via email within 1-24 hours after placing your order.<\/p>","page":""}},"f9420f3c-75d6-4aa6-96b3-4ed76131dc4e":{"type":"tab","settings":{"title":"3.172+ SATISFIED CUSTOMERS","content":"<p><strong>Lisa & Peter London<\/strong> has over 3.172+ satisfied customers and our customers give us a rating of 4.7\/5.0.<\/p>","page":""}},"selluxe_followers_T9XW6r":{"type":"selluxe_followers","settings":{"profile_picture_1":"shopify:\/\/shop_images\/360_F_250169262_ctUwoXkVzIMcV7rT0jqcg0kcNOimE8Nh.webp","reviewers":"<strong>Rachel K.<\/strong>","show_verified":true,"add_text":"and <strong>3.1k+<\/strong> other women love <strong>Lisa & Peter London!<\/strong>","font_size":14,"image_size":40,"horizontal_alignment":"flex-start"}}},"block_order":["selluxe_tp_stars_PKy6qi","price","separator","custom_XFhatC","custom_C8JCa3","a87f6976-fdca-403c-9377-eb85cc84bccd","buy_buttons","custom_GLi9Ha","ea05bd8c-ce3b-4efc-9331-8543471e68d9","description","6fbafccd-e300-4684-a364-9c3fb056e3f9","tab","f9420f3c-75d6-4aa6-96b3-4ed76131dc4e","selluxe_followers_T9XW6r"],"custom_css":[".badge {display: none;}"],"settings":{"sku_enable":false,"image_position":"left","image_size":"medium","product_zoom_enable":true,"thumbnail_position":"beside","thumbnail_height":"flexible","thumbnail_arrows":false,"mobile_layout":"full","enable_video_looping":true,"product_video_style":"muted"}},"testimonials_EpAxJf":{"type":"testimonials","blocks":{"testimonial_EC4AD8":{"type":"testimonial","settings":{"icon":"5-stars","testimonial":"<p>“The order arrived beautifully packaged and in perfect condition. You can really feel the quality of the fabric.”<\/p>","image":"shopify:\/\/shop_images\/2.png","author":"Emma J.","author_info":"London – 12 hours ago"}},"testimonial_LnmetD":{"type":"testimonial","settings":{"icon":"4-stars","testimonial":"<p>“Great service from Lisa & Peter London. The clothes fit perfectly and the personal touch really makes a difference.”<\/p>","image":"shopify:\/\/shop_images\/1.png","author":"Claire W.","author_info":"Manchester – 1 day ago"}},"testimonial_nNPWGR":{"type":"testimonial","settings":{"icon":"4-stars","testimonial":"<p>“I’m very impressed with the attention to detail. Everything came neatly wrapped, smelling fresh and ready to wear.”<\/p>","image":"shopify:\/\/shop_images\/3.png","author":"Sarah M.","author_info":"Birmingham – 2 days ago"}},"testimonial_CKjU44":{"type":"testimonial","settings":{"icon":"5-stars","testimonial":"<p>“Fantastic experience! The items are high quality and you can tell the store genuinely cares about its customers.”<\/p>","image":"shopify:\/\/shop_images\/4.png","author":"Olivia R.","author_info":"Leeds – 3 days ago"}},"testimonial_VTwX68":{"type":"testimonial","settings":{"icon":"5-stars","testimonial":"<p>“My package arrived safely and beautifully presented. Lisa & Peter London make online shopping feel truly personal.”<\/p>","image":"shopify:\/\/shop_images\/5.png","author":"Helen P.","author_info":"Liverpool – 5 days ago"}}},"block_order":["testimonial_EC4AD8","testimonial_LnmetD","testimonial_nNPWGR","testimonial_CKjU44","testimonial_VTwX68"],"settings":{"title":"What customers have to say about Lisa & Peter London","align_text":"center","round_images":true,"color_background":"#ffffff","color_text":"#1c1d1d"}},"featured_collection_zRnJ6y":{"type":"featured-collection","settings":{"title":"Combine and receive up to 25% extra discount!","home_featured_products":"dresses","per_row":4,"rows":1,"mobile_scrollable":true,"view_all":false,"divider":false}},"advanced_content_WwcBt8":{"type":"advanced-content","blocks":{"liquid_M6UC4L":{"type":"liquid","settings":{"code":"<style>\n.divorce-banner {\n  background: linear-gradient(135deg, #ffeaea, #fff8f8);\n  border: 1px solid #ffb3b3;\n  padding: 24px;\n  border-radius: 12px;\n  margin: 50px 0;\n  font-family: 'Arial', sans-serif;\n  box-shadow: 0 4px 15px rgba(0,0,0,0.05);\n  text-align: center;\n  max-width: 700px;\n  margin-left: auto;\n  margin-right: auto;\n}\n\n.divorce-banner h3 {\n  font-size: 22px;\n  color: #b30000;\n  margin-bottom: 12px;\n  font-family: 'Georgia', serif;\n}\n\n.divorce-banner p {\n  font-size: 15px;\n  color: #333;\n  margin: 8px 0;\n  line-height: 1.6;\n}\n\n.divorce-banner .icon {\n  font-size: 36px;\n  margin-bottom: 12px;\n}\n<\/style>\n\n<div class=\"divorce-banner\">\n  <div class=\"icon\">💔<\/div>\n  <h3>Official Business Liquidation Notice<\/h3>\n  <p>Due to a divorce settlement, this store is being permanently closed.<\/p>\n  <p>All remaining inventory is part of a court-enforced asset liquidation.<\/p>\n  <p><strong>Store closure scheduled for <span id=\"closure-date\"><\/span>.<\/strong><\/p>\n  <p>Once sold out, these pieces will never return.<\/p>\n<\/div>\n\n<script>\n  const closureDate = new Date();\n  closureDate.setDate(closureDate.getDate() + 3);\n\n  const options = { year: 'numeric', month: 'long', day: 'numeric' };\n  document.getElementById(\"closure-date\").textContent = closureDate.toLocaleDateString('en-US', options);\n<\/script>","width":"50%","alignment":"center"}}},"block_order":["liquid_M6UC4L"],"disabled":true,"name":"t:sections.advanced-content.presets.custom_content.name","settings":{"full_width":false,"space_around":true,"lazyload_images":true}},"videosglider_UKWUBw":{"type":"videosglider","blocks":{"review_kmKWaz":{"type":"review","settings":{"image_size":38,"image_size_mobile":38,"image_radius":100,"image_border_thickness":2,"stars_count":4.5,"stars_size":18,"stars_size_mobile":16,"review":"","stars_text":"","review_custom":false,"review_font":"josefin_sans_n4","review_size":16,"review_size_mobile":13,"review_height":130,"review_mt":16,"review_mt_mobile":10,"review_color":"#121212","count_color":"#121212","stars_color":"#000000","stars_bg_color":"#ffffff","stars_bg_half_color":"#dddddd","image_border_color":"#ffffff"}},"heading_GrMkNK":{"type":"heading","settings":{"heading":"<h2>Customers love Ella & Rose<\/h2>","heading_custom":false,"heading_font":"josefin_sans_n4","heading_size":48,"heading_size_mobile":32,"heading_height":130,"heading_mt":12,"heading_mt_mobile":16,"heading_max_width":80,"heading_color":"#121212","heading_border_color":"#00b67d"}},"slide_3mqddH":{"type":"slide","settings":{"media_type":"image","video_url":"","text":"<p>Elegant, comfortable, and surprisingly high quality. The cut is super flattering. Love it more than expected.<\/p>","stars_count":4,"badge":"Verified","author":"Olivia M."}},"slide_P8yHyx":{"type":"slide","settings":{"media_type":"image","video_url":"","text":"<p>The fabric feels incredibly soft and luxurious. Fits beautifully and looks exactly like the photos. I’d absolutely buy again.<\/p>","stars_count":5,"badge":"Verified","author":"Jasmine L."}},"slide_8xHMP8":{"type":"slide","settings":{"media_type":"image","video_url":"","text":"<p>This piece exceeded my expectations. Great fit, lovely material, and fast delivery. I’ve already worn it twice.<\/p>","stars_count":5,"badge":"Verified","author":"Emily R."}},"slide_CK3zni":{"type":"slide","settings":{"media_type":"image","video_url":"","text":"<p>Perfect for both casual and dressed-up looks. It hugs the body just right. Definitely a wardrobe favorite.<\/p>","stars_count":4.5,"badge":"Verified","author":"Natalie B."}},"slide_DFJYb3":{"type":"slide","settings":{"media_type":"image","video_url":"","text":"<p>Beautifully made and feels premium. The color is even better in person. Very happy with my order.<\/p>","stars_count":5,"badge":"Verified","author":"Sarah T."}},"slide_KycPYx":{"type":"slide","settings":{"media_type":"image","video_url":"","text":"<p>I’m impressed with the quality and design. It feels high-end but still affordable. Highly recommend it.<\/p>","stars_count":5,"badge":"Verified","author":"Lauren G."}},"slide_X6XKVH":{"type":"slide","settings":{"media_type":"image","video_url":"","text":"<p>This is my new go-to piece. Soft, stylish, and super versatile. I’ll be keeping an eye on new releases.<\/p>","stars_count":5,"badge":"Verified","author":"Cloe D."}},"button_wKdVf6":{"type":"button","disabled":true,"settings":{"button":"SHOP NOW","url":"","button_custom":false,"button_font":"josefin_sans_n4","button_size":16,"button_size_mobile":16,"button_height":100,"button_padding_horizontal":100,"button_padding_horizontal_mobile":100,"button_padding_vertical":20,"button_padding_vertical_mobile":18,"button_radius":8,"button_border_thickness":1,"button_mt":32,"button_mt_mobile":24,"button_style":"non_outline","button_color":"#ffffff","button_hover_color":"#ffffff","button_bg_color":"#00b67d","button_bg_hover_color":"#17c28d","button_border_color":"#121212","button_border_hover_color":"#121212"}}},"block_order":["review_kmKWaz","heading_GrMkNK","slide_3mqddH","slide_P8yHyx","slide_8xHMP8","slide_CK3zni","slide_DFJYb3","slide_KycPYx","slide_X6XKVH","button_wKdVf6"],"disabled":true,"name":"SS - Testimonials #28","settings":{"content_align":"center","content_align_mobile":"center","slider_view":4,"slider_view_mobile":1.3,"slider_gap":20,"slider_gap_mobile":16,"slider_mt":40,"slider_mt_mobile":28,"slide_radius":16,"slide_border_thickness":0,"media_ratio":"square","media_ratio_mobile":"square","play_size":20,"play_size_mobile":24,"play_radius":100,"slide_content_padding_horizontal":20,"slide_content_padding_horizontal_mobile":20,"slide_content_padding_vertical":20,"slide_content_padding_vertical_mobile":20,"slide_content_align":"left","slide_content_align_mobile":"left","text_custom":false,"text_font":"josefin_sans_n4","text_size":15,"text_size_mobile":14,"text_height":150,"stars_size":18,"stars_size_mobile":16,"stars_wrapper_mt":20,"stars_wrapper_mt_mobile":20,"badge_padding_horizontal":6,"badge_padding_horizontal_mobile":6,"badge_padding_vertical":4,"badge_padding_vertical_mobile":4,"badge_radius":2,"badge_custom":false,"badge_font":"josefin_sans_n4","badge_size":12,"badge_size_mobile":11,"badge_height":100,"author_custom":false,"author_font":"josefin_sans_n4","author_size":14,"author_size_mobile":13,"author_height":130,"author_mt":16,"author_mt_mobile":12,"arrows_gap":20,"arrows_gap_mobile":16,"arrows_mt":32,"arrows_mt_mobile":24,"arrow_size":40,"arrow_size_mobile":40,"arrow_icon_size":10,"arrow_icon_size_mobile":10,"arrow_border_thickness":0,"arrow_radius":100,"arrow_hover_effect":"color","arrow_show_desktop":true,"arrow_show_mobile":false,"text_color":"#121212","author_color":"#121212","stars_color":"#000000","stars_bg_color":"#ffffff","stars_bg_half_color":"#dddddd","slide_bg_color":"#ffffff","slide_border_color":"#121212","badge_color":"#121212","badge_bg_color":"#f3f3f3","play_color":"#ffffff","play_hover_color":"#121212","play_bg_color":"#121212","play_bg_hover_color":"#ffffff","arrow_color":"#ffffff","arrow_hover_color":"#121212","arrow_bg_color":"#121212","arrow_bg_hover_color":"#ffffff","arrow_border_color":"#121212","arrow_border_hover_color":"#121212","background_color":"#ffffff","background_gradient":"","border_color":"#121212","margin_top":0,"margin_bottom":0,"margin_horizontal":0,"margin_horizontal_mobile":0,"padding_top":36,"padding_bottom":36,"padding_horizontal":5,"padding_horizontal_mobile":1.5,"full_width":false,"content_width":1200,"border_thickness":0,"section_radius":0,"lazy":true}},"testimonials_slider_dKBxHe":{"type":"testimonials-slider","disabled":true,"name":"Testimonial Grid","settings":{}},"text_and_image_yNYQNN":{"type":"text-and-image","name":"t:sections.text-and-image.presets.image_with_text.name","settings":{"image":"shopify:\/\/shop_images\/ChatGPT_Image_24_sep_2025_17_03_33.png","image_mask":"none","image2_mask":"none","subtitle":"","title":"Meet Pieter & Lisa","text":"<p>At <strong>Lisa & Peter London<\/strong>, everything starts with <strong>passion for fashion<\/strong>. From a young age, Pieter and Lisa shared a lifelong love for style and creativity. Both studied <strong>Fashion Design and Business<\/strong> before building their careers in the industry. After working for different companies, they came together as a couple and decided to create something of their own.<\/p><p>Now, more than <strong>10 years later<\/strong>, they run their store with countless happy clients and inspiring projects. Their mission has always been clear: to stay ahead of <strong>new trends<\/strong>, deliver <strong>high-quality pieces<\/strong>, and offer a truly <strong>personal approach<\/strong>. For Pieter and Lisa, it’s about more than fashion — it’s about making every customer feel seen, valued, and stylish in their own unique way.<\/p>","button_label":"","button_link":"","button_style":"primary","align_text":"left","image_width":"50","layout":"right","divider":false,"top_padding":true,"bottom_padding":true,"lazyload_images":true}},"advanced_content_rQtHGM":{"type":"advanced-content","blocks":{"image_raTfgL":{"type":"image","settings":{"image":"shopify:\/\/shop_images\/ChatGPT_Image_30_sep_2025_13_38_36.png","link":"","width":"50%","alignment":"center"}},"liquid_yeGTF4":{"type":"liquid","settings":{"code":"<h2>Money-Back Guarantee<\/h2>\n<p>\n  I truly believe in the quality of our clothing – and I’m confident you’ll love it too. \n  That’s why we offer a hassle-free 30-day money-back guarantee.\n<\/p>\n<p>\n  If you’re not completely satisfied with your purchase, simply return it within 30 days \n  and receive a full refund – no questions asked.\n<\/p>","width":"50%","alignment":"center"}}},"block_order":["image_raTfgL","liquid_yeGTF4"],"name":"t:sections.advanced-content.presets.custom_content.name","settings":{"full_width":false,"space_around":true,"lazyload_images":true}},"sub":{"type":"product-full-width","disabled":true,"settings":{"max_width":true}},"product-recommendations":{"type":"product-recommendations","disabled":true,"settings":{"product_recommendations_heading":"You may also like","related_count":6,"products_per_row":3}},"recently-viewed":{"type":"recently-viewed","disabled":true,"settings":{"recent_count":5}},"collection-return":{"type":"collection-return","disabled":true,"settings":{}},"faq_N9hAPP":{"type":"faq","blocks":{"question_gXfXEb":{"type":"question","settings":{"title":"How Can I Track My Order?","text":"<p>Once your order is confirmed, you will receive an email with your order number. To <strong>track your order!<\/strong><\/p>"}},"question_t4YRrf":{"type":"question","settings":{"title":"What is the Return Policy?","text":"<p>You can return items within <strong>30 calendar days<\/strong> of receiving them.<\/p><ul><li>Return shipping costs are the buyer’s responsibility.<\/li><li>Approved refunds will be issued to your original payment method.<\/li><\/ul>"}},"question_fTgniy":{"type":"question","settings":{"title":"I Have an Issue With My Order. How Can I Contact You?","text":"<p>If you experience any issues or have questions, visit our <strong>Contact Page <\/strong>to connect with our support team. We’re here to assist you promptly!<\/p>"}}},"block_order":["question_gXfXEb","question_t4YRrf","question_fTgniy"],"name":"t:sections.faq.presets.faq.name","settings":{"title":"FAQs"}},"testimonials_XJpjRp":{"type":"testimonials","blocks":{"testimonial_teRGdf":{"type":"testimonial","settings":{"icon":"5-stars","testimonial":"<p>The item fits as promised and the fabric is wonderfully comfortable.<\/p>","author":"Anna O.","author_info":"New York, United States"}},"testimonial_F4NqaY":{"type":"testimonial","settings":{"icon":"4-stars","testimonial":"<p>Very satisfied with the purchase. Timeless style and great quality.<\/p>","author":"Sarah A.","author_info":"Chicago, United States"}},"testimonial_3PPQAF":{"type":"testimonial","settings":{"icon":"5-stars","testimonial":"<p>The clothes are sturdy and exude elegance. Exactly what I was looking for.<\/p>","author":"Emma T.","author_info":"Miami, United States"}},"testimonial_BDq4BM":{"type":"testimonial","settings":{"icon":"5-stars","testimonial":"<p>Great quality and perfect fit! I would definitely recommend.<\/p>","author":"Isabelle A.","author_info":"Houston, United States"}},"testimonial_XUFz4P":{"type":"testimonial","settings":{"icon":"5-stars","testimonial":"<p>It fits perfectly and looks great. Completely satisfied.<\/p>","author":"Lisa S","author_info":"Los Angeles, United States"}}},"block_order":["testimonial_teRGdf","testimonial_F4NqaY","testimonial_3PPQAF","testimonial_BDq4BM","testimonial_XUFz4P"],"disabled":true,"settings":{"title":"What customers have to say about Austin Boutique","align_text":"center","round_images":true,"color_background":"#ffffff","color_text":"#1c1d1d"}},"text_with_icons_Q8WN8G":{"type":"text-with-icons","blocks":{"text_block_PXYphH":{"type":"text_block","settings":{"icon":"calendar","title":"30-DAY MONEY-BACK GUARANTEE","text":"<p>We offer a <strong>30-day return<\/strong> period. Feel free to return any item within <strong>30 days<\/strong> if you are not completely satisfied.<\/p>"}},"text_block_f3GT7y":{"type":"text_block","settings":{"icon":"truck","title":"FREE DELIVERY","text":"<p>We offer <strong>free shipping<\/strong> incl. Track & Trace to the United Kingdom!<\/p>"}},"text_block_pgeXmX":{"type":"text_block","settings":{"icon":"shield","title":"SECURE PAYMENT","text":"<p>At <strong>Lisa & Peter London<\/strong>, you can securely and conveniently pay for your order using credit card.<\/p>"}}},"block_order":["text_block_PXYphH","text_block_f3GT7y","text_block_pgeXmX"],"settings":{"title":"","align_text":"center","desktop_columns_per_row":4,"icon_color":"#000000","button_label":"","button_link":"","divider":false}},"1759238496adc47e65":{"type":"apps","blocks":{"kiwi_size_chart_recommender_kiwi_sizing_rxjz78":{"type":"shopify:\/\/apps\/kiwi-size-chart-recommender\/blocks\/kiwiSizing\/b7369922-bf15-44ce-a121-a22a8fcbc4b0","settings":{"product":"{{product}}","waitForElementSelector":"","waitForElementDelay":5}}},"block_order":["kiwi_size_chart_recommender_kiwi_sizing_rxjz78"],"settings":{"full_width":false,"space_around":true}},"ss_social_proof_TGDf48":{"type":"ss-social-proof","name":"SS - Social proof","settings":{"coupon_position":"below_title","image_size":30,"image_size_mobile":25,"image_radius":100,"image_border_thickness":0,"text":"<p><strong>Davie<\/strong> ✓, <strong>Mark<\/strong> ✓ and <strong>1500+<\/strong> others love our products!<\/p>","text_custom":false,"text_font":"josefin_sans_n4","text_size":13,"text_size_mobile":13,"text_height":150,"text_align":"left","text_align_mobile":"left","text_color":"#121212","icon_color":"#42A5F5","image_border_color":"#121212","background_style":"solid","background_color":"#F3F3F3","background_gradient":"linear-gradient(180deg, #FFFFFF 0%, #F2F2F2 100%)","border_color":"#121212","margin_top":0,"margin_bottom":0,"padding_top":10,"padding_bottom":10,"padding_horizontal":10,"padding_horizontal_mobile":10,"border_style":"solid","border_thickness":0,"section_radius":0,"lazy":false}}},"order":["timer_bar_7fPWPb","main","testimonials_EpAxJf","featured_collection_zRnJ6y","advanced_content_WwcBt8","videosglider_UKWUBw","testimonials_slider_dKBxHe","text_and_image_yNYQNN","advanced_content_rQtHGM","sub","product-recommendations","recently-viewed","collection-return","faq_N9hAPP","testimonials_XJpjRp","text_with_icons_Q8WN8G","1759238496adc47e65","ss_social_proof_TGDf48"]}